AnimalSpecies,meanProduct,sdProduct,cvProduct
Rat,2.173299385041162,1.2648963468843821,58.20166128931312
Mouse,7.292470982205208,5.370607241215969,73.6459185689063
