MRfield,meanLW,sdLW,cvLW
7,0.1558032227994108,0.18266068113368863,117.23806340569445
9.4,0.11742244937444962,0.11393569225183414,97.03058730149928
11.7,NA,NA,NA
14.1,0.04829755889037097,0.011512448091983523,23.836500967088725
15.2,NA,NA,NA
NA,NA,NA,NA
