MRvendor,meanSNR,sdSNR,cvSNR
Bruker,0.43873313319051294,0.4356444187568494,99.2959924382273
Varian,0.39321224943822003,0.26902272751436473,68.41667010595826
NA,NA,NA,NA
