MRvendor,meanRatio,sdRatio,cvRatio
Bruker,0.04341015906717412,0.053912051199486374,124.19224522089709
Varian,0.05530600507825521,0.07414364371095898,134.06074730230372
NA,NA,NA,NA
