MRvendor,meanLW,sdLW,cvLW
Bruker,0.14663112815253843,0.163047198461396,111.1954879674527
Varian,0.09343028844788412,0.10455419275137272,111.90610078196812
NA,NA,NA,NA
