MRvendor,meanProduct,sdProduct,cvProduct
Bruker,5.654294423713514,5.353166776514135,94.67435501878921
Varian,4.000788220166287,3.2718001347291086,81.77888842596924
NA,NA,NA,NA
