AnimalSpecies,meanLW,sdLW,cvLW
Rat,0.05412844860556184,0.09276476960656829,171.3789550529192
Mouse,0.18549749286522269,0.15898114094927243,85.70527746419931
