AnimalSpecies,meanRatio,sdRatio,cvRatio
Rat,0.04245185702014202,0.06430295460800597,151.47265425278408
Mouse,0.05008380736568814,0.05795601898979824,115.7180774349501
