AnimalSpecies,meanSNR,sdSNR,cvSNR
Rat,0.2617940242418395,0.20765341898029493,79.31938843205577
Mouse,0.5414122080345992,0.45044997784315993,83.19908032335572
